{"cameraMode":{"drawMode":0,"name":"Shaded","section":"Shading Mode"},"sceneLighting":true,"audioPlay":false,"sceneViewState":{"m_AlwaysRefresh":false,"showFog":true,"showSkybox":true,"showFlares":true,"showImageEffects":true,"showParticleSystems":true,"showVisualEffectGraphs":true,"m_FxEnabled":true},"in2DMode":false,"pivot":{"x":-4.021706581115723,"y":-3.740469455718994,"z":56.084285736083987},"rotation":{"x":0.06625460088253021,"y":0.01047135517001152,"z":-0.0006954131531529129,"w":0.9977387189865112},"size":27.669395446777345,"orthographic":false}