{"cameraMode":{"drawMode":0,"name":"Shaded","section":"Shading Mode"},"sceneLighting":true,"audioPlay":false,"sceneViewState":{"m_AlwaysRefresh":false,"showFog":true,"showSkybox":true,"showFlares":true,"showImageEffects":true,"showParticleSystems":true,"showVisualEffectGraphs":true,"m_FxEnabled":true},"in2DMode":false,"pivot":{"x":-0.009038247168064118,"y":-8.191822052001954,"z":43.24824905395508},"rotation":{"x":-0.3257775902748108,"y":-0.000847985502332449,"z":0.0003398409753572196,"w":-0.9455288052558899},"size":28.03787612915039,"orthographic":false}