{"cameraMode":{"drawMode":0,"name":"Shaded","section":"Shading Mode"},"sceneLighting":true,"audioPlay":false,"sceneViewState":{"m_AlwaysRefresh":false,"showFog":true,"showSkybox":true,"showFlares":true,"showImageEffects":true,"showParticleSystems":true,"showVisualEffectGraphs":true,"m_FxEnabled":true},"in2DMode":false,"pivot":{"x":-3.347294330596924,"y":-15.655433654785157,"z":46.906864166259769},"rotation":{"x":-0.21900741755962373,"y":0.009364231489598751,"z":-0.002103305421769619,"w":-0.9756758213043213},"size":26.679224014282228,"orthographic":false}