{"cameraMode":{"drawMode":0,"name":"Shaded","section":"Shading Mode"},"sceneLighting":true,"audioPlay":false,"sceneViewState":{"m_AlwaysRefresh":false,"showFog":true,"showSkybox":true,"showFlares":true,"showImageEffects":true,"showParticleSystems":true,"showVisualEffectGraphs":true,"m_FxEnabled":true},"in2DMode":false,"pivot":{"x":-2.1467878818511965,"y":3.6794590950012209,"z":0.12244880199432373},"rotation":{"x":-0.2986948490142822,"y":0.0019892642740160228,"z":-0.0006462913588620722,"w":-0.9544079899787903},"size":4.1702117919921879,"orthographic":false}