{"cameraMode":{"drawMode":0,"name":"Shaded","section":"Shading Mode"},"sceneLighting":true,"audioPlay":false,"sceneViewState":{"m_AlwaysRefresh":false,"showFog":true,"showSkybox":true,"showFlares":true,"showImageEffects":true,"showParticleSystems":true,"showVisualEffectGraphs":true,"m_FxEnabled":true},"in2DMode":false,"pivot":{"x":-1.1625418663024903,"y":-21.993436813354493,"z":39.8317756652832},"rotation":{"x":-0.2943958640098572,"y":0.004865823779255152,"z":-0.0014911222970113159,"w":-0.9557371139526367},"size":31.765228271484376,"orthographic":false}