{"cameraMode":{"drawMode":0,"name":"Shaded","section":"Shading Mode"},"sceneLighting":true,"audioPlay":false,"sceneViewState":{"m_AlwaysRefresh":false,"showFog":true,"showSkybox":true,"showFlares":true,"showImageEffects":true,"showParticleSystems":true,"showVisualEffectGraphs":true,"m_FxEnabled":true},"in2DMode":false,"pivot":{"x":31.892536163330079,"y":-52.5438232421875,"z":52.32238006591797},"rotation":{"x":-0.08947660028934479,"y":0.27764204144477847,"z":-0.025988541543483735,"w":-0.9561799168586731},"size":184.69207763671876,"orthographic":false}