{"cameraMode":{"drawMode":0,"name":"Shaded","section":"Shading Mode"},"sceneLighting":true,"audioPlay":false,"sceneViewState":{"m_AlwaysRefresh":false,"showFog":true,"showSkybox":true,"showFlares":true,"showImageEffects":true,"showParticleSystems":true,"showVisualEffectGraphs":true,"m_FxEnabled":true},"in2DMode":false,"pivot":{"x":-1.244071125984192,"y":0.17806339263916017,"z":20.13658905029297},"rotation":{"x":-0.12891976535320283,"y":-0.021721426397562028,"z":0.002816032385453582,"w":-0.9914364218711853},"size":12.999761581420899,"orthographic":false}