{"cameraMode":{"drawMode":0,"name":"Shaded","section":"Shading Mode"},"sceneLighting":true,"audioPlay":false,"sceneViewState":{"m_AlwaysRefresh":false,"showFog":true,"showSkybox":true,"showFlares":true,"showImageEffects":true,"showParticleSystems":true,"showVisualEffectGraphs":true,"m_FxEnabled":true},"in2DMode":false,"pivot":{"x":-3.3131003379821779,"y":-0.08387279510498047,"z":12.34857177734375},"rotation":{"x":-0.16188208758831025,"y":0.1771702617406845,"z":-0.029564732685685159,"w":-0.9703499674797058},"size":7.742544651031494,"orthographic":false}