{"cameraMode":{"drawMode":0,"name":"Shaded","section":"Shading Mode"},"sceneLighting":true,"audioPlay":false,"sceneViewState":{"m_AlwaysRefresh":false,"showFog":true,"showSkybox":false,"showFlares":true,"showImageEffects":true,"showParticleSystems":true,"showVisualEffectGraphs":true,"m_FxEnabled":true},"in2DMode":false,"pivot":{"x":-1.7465174198150635,"y":1.8302383422851563,"z":6.409026145935059},"rotation":{"x":-0.19580842554569245,"y":-0.16041183471679688,"z":0.03247920423746109,"w":-0.9669031500816345},"size":5.829269886016846,"orthographic":false}